Sample:float,Data:float,Data2:float
"0.0","1.6294505596160889","1.7495237588882446"
"1.0","1.740659236907959","1.7454943656921387"
"2.0","1.7640291452407837","1.7366299629211426"
"3.0","1.7745054960250854","1.722124457359314"
"4.0","1.7801463603973389","1.7140659093856812"
"5.0","1.7825640439987183","1.7084248065948486"
"6.0","1.7841756343841553","1.7060072422027588"
"7.0","1.784981608390808","1.7043955326080322"
"8.0","1.7890108823776245","1.7052013874053955"
"9.0","1.7922343015670776","1.7052013874053955"
"10.0","1.7954578399658203","1.7100366353988647"
"11.0","1.7978754043579102","1.7108423709869385"
"12.0","1.815604329109192","1.7043955326080322"
"13.0","1.8542855978012085","1.6850547790527344"
"14.0","1.8961904048919678","1.682637333869934"
"15.0","1.9002196788787842","1.7116482257843018"
"16.0","1.8542855978012085","1.7487179040908813"
"17.0","1.8083515167236328","1.7793406248092651"
"18.0","1.7648351192474365","1.8147984743118286"
"19.0","1.7180951833724976","1.8534797430038452"
"20.0","1.6431500911712646","1.875238060951233"
"21.0","1.6020512580871582","1.8349449634552002"
"22.0","1.6342856884002686","1.7326006889343262"
"23.0","1.7430768013000488","1.6407325267791748"
"24.0","1.8462270498275757","1.6326738595962524"
"25.0","1.8873260021209717","1.7172893285751343"
"26.0","1.8115750551223755","1.8615384101867676"
"27.0","1.6487910747528076","1.9260072708129883"
"28.0","1.5939925909042358","1.7922343015670776"
"29.0","1.768864393234253","1.5947984457015991"
"30.0","1.9389009475708008","1.6358973979949951"
"31.0","1.8147984743118286","1.8881317377090454"
"32.0","1.5698167085647583","1.9066665172576904"
"33.0","1.6987545490264893","1.6036629676818848"
"34.0","1.9783881902694702","1.6060805320739746"
"35.0","1.7696702480316162","1.9332599639892578"
"36.0","1.5617581605911255","1.8010988235473633"
"37.0","1.9235897064208984","1.5093772411346436"
"38.0","1.8550915718078613","1.919560432434082"
"39.0","1.4747252464294434","1.847032904624939"
"40.0","1.9945054054260254","1.461025595664978"
"41.0","1.72615385055542","2.0509157180786133"
"42.0","1.584322214126587","1.6076922416687012"
"43.0","2.0775089263916016","1.709230661392212"
"44.0","1.4078388214111328","1.9630768299102783"
"45.0","2.078315019607544","1.4376555681228638"
"46.0","1.5005128383636475","2.1226372718811035"
"47.0","1.9598534107208252","1.3627104759216309"
"48.0","1.6076922416687012","2.158094882965088"
"49.0","1.9066665172576904","1.326446771621704"
"50.0","1.3320878744125366","2.2757508754730225"
"51.0","2.3265199661254883","1.1193405389785767"
"52.0","1.1596335172653198","2.4377288818359375"
"53.0","2.305567502975464","1.0194138288497925"
"54.0","1.3747984170913696","2.5110621452331543"
"55.0","1.841391921043396","1.0838826894760132"
"56.0","2.0380218029022217","2.149230480194092"
"57.0","1.1660805940628052","1.8180218935012817"
"58.0","2.3184614181518555","1.2539193630218506"
"59.0","1.638314962387085","2.2983148097991943"
"60.0","1.3852746486663818","1.6221977472305298"
"61.0","2.251574993133545","1.3933331966400146"
"62.0","1.6423442363739014","2.2193405628204346"
"63.0","1.4102563858032227","1.662490725517273"
"64.0","2.1766297817230225","1.3675457239151"
"65.0","1.8035163879394531","2.118607997894287"
"66.0","1.3296703100204468","1.899413824081421"
"67.0","1.9558241367340088","1.3240292072296143"
"68.0","2.0912086963653564","1.8107692003250122"
"69.0","1.453772783279419","2.155677556991577"
"70.0","1.5109889507293701","1.5988277196884155"
"71.0","2.089596748352051","1.382857084274292"
"72.0","1.9896701574325562","1.9171427488327026"
"73.0","1.4561904668807983","2.12666654586792"
"74.0","1.4900364875793457","1.666520118713379"
"75.0","1.9687178134918213","1.382857084274292"
"76.0","2.101684808731079","1.6834430694580078"
"77.0","1.7471061944961548","2.0549449920654297"
"78.0","1.4505493640899658","2.0090107917785645"
"79.0","1.5528937578201294","1.6721611022949219"
"80.0","1.8446152210235596","1.47633695602417"
"81.0","2.0122342109680176","1.560146450996399"
"82.0","1.9558241367340088","1.7761170864105225"
"83.0","1.7785347700119019","1.936483383178711"
"84.0","1.6294505596160889","1.959047555923462"
"85.0","1.5827105045318604","1.8720145225524902"
"86.0","1.6205859184265137","1.750329613685608"
"87.0","1.7124541997909546","1.6576555967330933"
"88.0","1.796263575553894","1.6213918924331665"
"89.0","1.8389743566513062","1.6358973979949951"
"90.0","1.852673888206482","1.6681318283081055"
"91.0","1.8486446142196655","1.7108423709869385"
"92.0","1.8349449634552002","1.7575823068618774"
"93.0","1.7994871139526367","1.8027105331420898"
"94.0","1.772087812423706","1.8115750551223755"
"95.0","1.7696702480316162","1.7906227111816406"
"96.0","1.766446828842163","1.781758189201355"
"97.0","1.753553032875061","1.7833698987960815"
"98.0","1.750329613685608","1.7793406248092651"
"99.0","1.7583882808685303","1.7704761028289795"
"100.0","1.7648351192474365","1.76322340965271"
"101.0","1.751941204071045","1.7656409740447998"
"102.0","1.7197067737579346","1.7745054960250854"
"103.0","1.6898900270462036","1.772087812423706"
"104.0","1.6834430694580078","1.7656409740447998"
"105.0","1.7052013874053955","1.7583882808685303"
"106.0","1.7374358177185059","1.7527471780776978"
"107.0","1.7624175548553467","1.751941204071045"
"108.0","1.7608058452606201","1.7551647424697876"
"109.0","1.740659236907959","1.7551647424697876"
"110.0","1.722124457359314","1.7567764520645142"
"111.0","1.7132599353790283","1.7567764520645142"
"112.0","1.7156774997711182","1.7559705972671509"
"113.0","1.72615385055542","1.7567764520645142"
"114.0","1.72615385055542","1.759194016456604"
"115.0","1.7140659093856812","1.7640291452407837"
"116.0","1.701172113418579","1.768864393234253"
"117.0","1.6955310106277466","1.7728936672210693"
"118.0","1.699560284614563","1.7736995220184326"
"119.0","1.7156774997711182","1.768864393234253"
"120.0","1.7317947149276733","1.7640291452407837"
"121.0","1.7543588876724243","1.7567764520645142"
"122.0","1.7745054960250854","1.744688630104065"
"123.0","1.7914284467697144","1.7326006889343262"
"124.0","1.7970695495605469","1.72615385055542"
"125.0","1.7930402755737305","1.72615385055542"
"126.0","1.7801463603973389","1.7366299629211426"
"127.0","1.7608058452606201","1.7511354684829712"
"128.0","1.7495237588882446","1.766446828842163"
"129.0","1.7430768013000488","1.7745054960250854"
"130.0","1.7414650917053223","1.7753112316131592"
"131.0","1.740659236907959","1.7769230604171753"
"132.0","1.7390475273132324","1.7793406248092651"
"133.0","1.7366299629211426","1.7825640439987183"
"134.0","1.7342123985290527","1.7841756343841553"
"135.0","1.7366299629211426","1.7857874631881714"
"136.0","1.7382416725158691","1.7857874631881714"
"137.0","1.7414650917053223","1.7825640439987183"
"138.0","1.7463003396987915","1.7785347700119019"
"139.0","1.750329613685608","1.7736995220184326"
"140.0","1.7527471780776978","1.7672526836395264"
"141.0","1.7559705972671509","1.7608058452606201"
"142.0","1.759194016456604","1.7559705972671509"
"143.0","1.7616115808486938","1.7511354684829712"
"144.0","1.7648351192474365","1.744688630104065"
"145.0","1.7672526836395264","1.7382416725158691"
"146.0","1.7704761028289795","1.7326006889343262"
"147.0","1.7704761028289795","1.7293771505355835"
"148.0","1.772087812423706","1.725347876548767"
"149.0","1.772087812423706","1.7269595861434937"
"150.0","1.7712819576263428","1.7245420217514038"
"151.0","1.7728936672210693","1.7245420217514038"
"152.0","1.772087812423706","1.7237361669540405"
"153.0","1.7728936672210693","1.7245420217514038"
"154.0","1.7712819576263428","1.7237361669540405"
"155.0","1.772087812423706","1.7237361669540405"
"156.0","1.7712819576263428","1.7245420217514038"
"157.0","1.7696702480316162","1.725347876548767"
"158.0","1.768864393234253","1.725347876548767"
"159.0","1.7704761028289795","1.7245420217514038"
"160.0","1.7704761028289795","1.7245420217514038"
"161.0","1.7745054960250854","1.7197067737579346"
"162.0","1.7728936672210693","1.7229303121566772"
"163.0","1.7728936672210693","1.7237361669540405"
"164.0","1.7736995220184326","1.725347876548767"
"165.0","1.7745054960250854","1.7205127477645874"
"166.0","1.7745054960250854","1.7189010381698608"
"167.0","1.7745054960250854","1.716483473777771"
"168.0","1.7745054960250854","1.7172893285751343"
"169.0","1.7753112316131592","1.7180951833724976"
"170.0","1.7753112316131592","1.7172893285751343"
"171.0","1.777728796005249","1.716483473777771"
"172.0","1.7785347700119019","1.7140659093856812"
"173.0","1.7801463603973389","1.7124541997909546"
"174.0","1.7793406248092651","1.7140659093856812"
"175.0","1.7785347700119019","1.7180951833724976"
"176.0","1.777728796005249","1.7172893285751343"
"177.0","1.777728796005249","1.7172893285751343"
"178.0","1.7785347700119019","1.7156774997711182"
"179.0","1.7793406248092651","1.7148717641830444"
"180.0","1.7785347700119019","1.716483473777771"
"181.0","1.7769230604171753","1.7180951833724976"
"182.0","1.777728796005249","1.7180951833724976"
"183.0","1.7785347700119019","1.7189010381698608"
"184.0","1.7793406248092651","1.7197067737579346"
"185.0","1.7793406248092651","1.7197067737579346"
"186.0","1.777728796005249","1.7205127477645874"
"187.0","1.7769230604171753","1.722124457359314"
"188.0","1.7761170864105225","1.722124457359314"
"189.0","1.7769230604171753","1.722124457359314"
"190.0","1.7769230604171753","1.722124457359314"
"191.0","1.7769230604171753","1.725347876548767"
"192.0","1.7736995220184326","1.7293771505355835"
"193.0","1.7736995220184326","1.7285714149475098"
"194.0","1.7745054960250854","1.727765440940857"
"195.0","1.7736995220184326","1.7269595861434937"
"196.0","1.7753112316131592","1.727765440940857"
"197.0","1.772087812423706","1.7269595861434937"
"198.0","1.772087812423706","1.7309889793395996"
"199.0","1.7712819576263428","1.7309889793395996"
"200.0","1.7745054960250854","1.7334065437316895"
"201.0","1.7728936672210693","1.7342123985290527"
"202.0","1.7736995220184326","1.7326006889343262"
"203.0","1.7728936672210693","1.7301831245422363"
"204.0","1.7712819576263428","1.7342123985290527"
"205.0","1.7704761028289795","1.7358239889144897"
"206.0","1.7736995220184326","1.7334065437316895"
"207.0","1.7745054960250854","1.7326006889343262"
"208.0","1.7736995220184326","1.7326006889343262"
"209.0","1.7704761028289795","1.735018253326416"
"210.0","1.7704761028289795","1.7342123985290527"
"211.0","1.7712819576263428","1.7342123985290527"
"212.0","1.7704761028289795","1.7334065437316895"
"213.0","1.7704761028289795","1.7334065437316895"
"214.0","1.7704761028289795","1.7342123985290527"
"215.0","1.7736995220184326","1.7326006889343262"
"216.0","1.7704761028289795","1.7342123985290527"
"217.0","1.7704761028289795","1.7342123985290527"
"218.0","1.7696702480316162","1.7374358177185059"
"219.0","1.7704761028289795","1.7374358177185059"
"220.0","1.7696702480316162","1.7358239889144897"
"221.0","1.7712819576263428","1.7326006889343262"
"222.0","1.7712819576263428","1.7334065437316895"
"223.0","1.7712819576263428","1.735018253326416"
"224.0","1.7704761028289795","1.7342123985290527"
"225.0","1.768864393234253","1.7366299629211426"
"226.0","1.768864393234253","1.7382416725158691"
"227.0","1.7704761028289795","1.7382416725158691"
"228.0","1.7704761028289795","1.7374358177185059"
"229.0","1.7704761028289795","1.735018253326416"
"230.0","1.7704761028289795","1.7326006889343262"
"231.0","1.7704761028289795","1.7342123985290527"
"232.0","1.7696702480316162","1.7382416725158691"
"233.0","1.7696702480316162","1.7366299629211426"
"234.0","1.7704761028289795","1.7342123985290527"
"235.0","1.7704761028289795","1.7342123985290527"
"236.0","1.768864393234253","1.735018253326416"
"237.0","1.768864393234253","1.7374358177185059"
"238.0","1.7704761028289795","1.7390475273132324"
"239.0","1.7704761028289795","1.735018253326416"
"240.0","1.7712819576263428","1.7342123985290527"
"241.0","1.7712819576263428","1.7342123985290527"
"242.0","1.768864393234253","1.7382416725158691"
"243.0","1.768864393234253","1.7382416725158691"
"244.0","1.7696702480316162","1.7374358177185059"
"245.0","1.7712819576263428","1.7334065437316895"
"246.0","1.7704761028289795","1.7342123985290527"
"247.0","1.7704761028289795","1.7342123985290527"
"248.0","1.7712819576263428","1.735018253326416"
"249.0","1.7712819576263428","1.7342123985290527"
"250.0","1.7696702480316162","1.735018253326416"
"251.0","1.772087812423706","1.7366299629211426"
"252.0","1.7704761028289795","1.7342123985290527"
"253.0","1.7704761028289795","1.7358239889144897"
"254.0","1.7704761028289795","1.735018253326416"
"255.0","1.7712819576263428","1.7334065437316895"
"256.0","1.7704761028289795","1.735018253326416"
"257.0","1.7704761028289795","1.735018253326416"
"258.0","1.7704761028289795","1.735018253326416"
"259.0","1.7704761028289795","1.7342123985290527"
"260.0","1.7704761028289795","1.735018253326416"
"261.0","1.7704761028289795","1.735018253326416"
"262.0","1.7704761028289795","1.735018253326416"
"263.0","1.7704761028289795","1.7342123985290527"
"264.0","1.7704761028289795","1.7358239889144897"
"265.0","1.7704761028289795","1.7342123985290527"
"266.0","1.7704761028289795","1.7342123985290527"
"267.0","1.7712819576263428","1.7358239889144897"
"268.0","1.7704761028289795","1.7334065437316895"
"269.0","1.7696702480316162","1.7334065437316895"
"270.0","1.7696702480316162","1.7358239889144897"
"271.0","1.7696702480316162","1.7334065437316895"
"272.0","1.7704761028289795","1.7342123985290527"
"273.0","1.7712819576263428","1.735018253326416"
"274.0","1.7704761028289795","1.735018253326416"
"275.0","1.7712819576263428","1.735018253326416"
"276.0","1.7704761028289795","1.7358239889144897"
"277.0","1.768864393234253","1.7334065437316895"
"278.0","1.768864393234253","1.735018253326416"
"279.0","1.7704761028289795","1.7342123985290527"
"280.0","1.7696702480316162","1.7342123985290527"
"281.0","1.7712819576263428","1.735018253326416"
"282.0","1.7704761028289795","1.735018253326416"
"283.0","1.7704761028289795","1.735018253326416"
"284.0","1.7704761028289795","1.7326006889343262"
"285.0","1.7712819576263428","1.735018253326416"
"286.0","1.7704761028289795","1.735018253326416"
"287.0","1.7704761028289795","1.7342123985290527"
"288.0","1.7704761028289795","1.735018253326416"
"289.0","1.7704761028289795","1.7342123985290527"
"290.0","1.7696702480316162","1.735018253326416"
"291.0","1.7696702480316162","1.7342123985290527"
"292.0","1.7704761028289795","1.7342123985290527"
"293.0","1.7712819576263428","1.7358239889144897"
"294.0","1.7712819576263428","1.735018253326416"
"295.0","1.7712819576263428","1.735018253326416"
"296.0","1.7704761028289795","1.735018253326416"
"297.0","1.7712819576263428","1.7358239889144897"
"298.0","1.7704761028289795","1.7358239889144897"
"299.0","1.7696702480316162","1.7342123985290527"
"300.0","1.7704761028289795","1.735018253326416"
"301.0","1.7704761028289795","1.7342123985290527"
"302.0","1.7712819576263428","1.735018253326416"
"303.0","1.7704761028289795","1.7326006889343262"
"304.0","1.7696702480316162","1.735018253326416"
"305.0","1.7704761028289795","1.7342123985290527"
"306.0","1.7704761028289795","1.735018253326416"
"307.0","1.7704761028289795","1.7342123985290527"
"308.0","1.7704761028289795","1.7342123985290527"
"309.0","1.7712819576263428","1.735018253326416"
"310.0","1.7704761028289795","1.735018253326416"
"311.0","1.7712819576263428","1.7358239889144897"
"312.0","1.7704761028289795","1.735018253326416"
"313.0","1.7696702480316162","1.735018253326416"
"314.0","1.7704761028289795","1.735018253326416"
"315.0","1.7712819576263428","1.735018253326416"
"316.0","1.7704761028289795","1.7342123985290527"
"317.0","1.7704761028289795","1.735018253326416"
"318.0","1.7704761028289795","1.735018253326416"
"319.0","1.7712819576263428","1.7358239889144897"
"320.0","1.7704761028289795","1.7366299629211426"
"321.0","1.7704761028289795","1.7342123985290527"
"322.0","1.7696702480316162","1.7334065437316895"
"323.0","1.7712819576263428","1.7358239889144897"
"324.0","1.7704761028289795","1.735018253326416"
"325.0","1.7696702480316162","1.7342123985290527"
"326.0","1.7712819576263428","1.7358239889144897"
"327.0","1.7704761028289795","1.7342123985290527"
"328.0","1.7704761028289795","1.7342123985290527"
"329.0","1.7704761028289795","1.735018253326416"
"330.0","1.7696702480316162","1.7358239889144897"
"331.0","1.7704761028289795","1.735018253326416"
"332.0","1.772087812423706","1.735018253326416"
"333.0","1.7704761028289795","1.735018253326416"
"334.0","1.7704761028289795","1.7342123985290527"
"335.0","1.7704761028289795","1.7358239889144897"
"336.0","1.7704761028289795","1.7334065437316895"
"337.0","1.7704761028289795","1.735018253326416"
"338.0","1.7704761028289795","1.735018253326416"
"339.0","1.7696702480316162","1.735018253326416"
"340.0","1.7712819576263428","1.735018253326416"
"341.0","1.7704761028289795","1.7342123985290527"
"342.0","1.7712819576263428","1.735018253326416"
"343.0","1.7704761028289795","1.735018253326416"
"344.0","1.7704761028289795","1.7342123985290527"
"345.0","1.7704761028289795","1.735018253326416"
"346.0","1.7704761028289795","1.735018253326416"
"347.0","1.7712819576263428","1.7358239889144897"
"348.0","1.7712819576263428","1.7358239889144897"
"349.0","1.7696702480316162","1.735018253326416"
"350.0","1.7704761028289795","1.735018253326416"
"351.0","1.7704761028289795","1.7342123985290527"
"352.0","1.7704761028289795","1.735018253326416"
"353.0","1.7696702480316162","1.735018253326416"
"354.0","1.7704761028289795","1.7342123985290527"
"355.0","1.7704761028289795","1.7358239889144897"
"356.0","1.7704761028289795","1.7358239889144897"
"357.0","1.7712819576263428","1.7358239889144897"
"358.0","1.7704761028289795","1.735018253326416"
"359.0","1.7704761028289795","1.7342123985290527"
"360.0","1.7712819576263428","1.7342123985290527"
"361.0","1.7712819576263428","1.735018253326416"
"362.0","1.7704761028289795","1.7342123985290527"
"363.0","1.7712819576263428","1.735018253326416"
"364.0","1.7704761028289795","1.735018253326416"
"365.0","1.7696702480316162","1.735018253326416"
"366.0","1.7704761028289795","1.735018253326416"
"367.0","1.7704761028289795","1.735018253326416"
"368.0","1.772087812423706","1.735018253326416"
"369.0","1.7712819576263428","1.7358239889144897"
"370.0","1.7696702480316162","1.7358239889144897"
"371.0","1.7704761028289795","1.735018253326416"
"372.0","1.7704761028289795","1.735018253326416"
"373.0","1.7704761028289795","1.735018253326416"
"374.0","1.768864393234253","1.7358239889144897"
"375.0","1.7696702480316162","1.7342123985290527"
"376.0","1.7704761028289795","1.735018253326416"
"377.0","1.7704761028289795","1.735018253326416"
"378.0","1.7704761028289795","1.735018253326416"
"379.0","1.7704761028289795","1.735018253326416"
"380.0","1.7704761028289795","1.7342123985290527"
"381.0","1.7704761028289795","1.735018253326416"
"382.0","1.7704761028289795","1.735018253326416"
"383.0","1.7712819576263428","1.735018253326416"
"384.0","1.7704761028289795","1.7358239889144897"
"385.0","1.7712819576263428","1.735018253326416"
"386.0","1.7696702480316162","1.7342123985290527"
"387.0","1.7696702480316162","1.7342123985290527"
"388.0","1.7712819576263428","1.735018253326416"
"389.0","1.7712819576263428","1.7342123985290527"
"390.0","1.7704761028289795","1.735018253326416"
"391.0","1.7712819576263428","1.7366299629211426"
"392.0","1.7704761028289795","1.7342123985290527"
"393.0","1.7704761028289795","1.735018253326416"
"394.0","1.7696702480316162","1.735018253326416"
"395.0","1.7704761028289795","1.735018253326416"
"396.0","1.7696702480316162","1.7342123985290527"
"397.0","1.7712819576263428","1.7342123985290527"
"398.0","1.7712819576263428","1.735018253326416"
"399.0","1.7704761028289795","1.735018253326416"
"400.0","1.7704761028289795","1.7358239889144897"
"401.0","1.7704761028289795","1.735018253326416"
"402.0","1.7704761028289795","1.735018253326416"
"403.0","1.7712819576263428","1.735018253326416"
"404.0","1.7696702480316162","1.7342123985290527"
"405.0","1.7704761028289795","1.735018253326416"
"406.0","1.7712819576263428","1.7358239889144897"
"407.0","1.7704761028289795","1.735018253326416"
"408.0","1.7704761028289795","1.7334065437316895"
"409.0","1.7704761028289795","1.735018253326416"
"410.0","1.7696702480316162","1.735018253326416"
"411.0","1.7696702480316162","1.735018253326416"
"412.0","1.7712819576263428","1.735018253326416"
"413.0","1.7712819576263428","1.735018253326416"
"414.0","1.7712819576263428","1.7358239889144897"
"415.0","1.7704761028289795","1.735018253326416"
"416.0","1.7704761028289795","1.735018253326416"
"417.0","1.7704761028289795","1.7358239889144897"
"418.0","1.7696702480316162","1.7342123985290527"
"419.0","1.7712819576263428","1.7358239889144897"
"420.0","1.7704761028289795","1.7342123985290527"
"421.0","1.7704761028289795","1.735018253326416"
"422.0","1.7704761028289795","1.735018253326416"
"423.0","1.7704761028289795","1.735018253326416"
"424.0","1.7704761028289795","1.7358239889144897"
"425.0","1.7712819576263428","1.7366299629211426"
"426.0","1.7712819576263428","1.735018253326416"
"427.0","1.7712819576263428","1.735018253326416"
"428.0","1.7712819576263428","1.735018253326416"
"429.0","1.7704761028289795","1.735018253326416"
"430.0","1.7712819576263428","1.735018253326416"
"431.0","1.7712819576263428","1.735018253326416"
"432.0","1.7704761028289795","1.735018253326416"
"433.0","1.7704761028289795","1.735018253326416"
"434.0","1.7712819576263428","1.7358239889144897"
"435.0","1.7712819576263428","1.735018253326416"
"436.0","1.7704761028289795","1.7342123985290527"
"437.0","1.7704761028289795","1.7342123985290527"
"438.0","1.7704761028289795","1.735018253326416"
"439.0","1.7704761028289795","1.7334065437316895"
"440.0","1.7704761028289795","1.735018253326416"
"441.0","1.7704761028289795","1.735018253326416"
"442.0","1.7704761028289795","1.7334065437316895"
"443.0","1.7704761028289795","1.735018253326416"
"444.0","1.7696702480316162","1.735018253326416"
"445.0","1.7712819576263428","1.735018253326416"
"446.0","1.7696702480316162","1.735018253326416"
"447.0","1.7712819576263428","1.7366299629211426"
"448.0","1.7696702480316162","1.7342123985290527"
"449.0","1.7712819576263428","1.7358239889144897"
"450.0","1.7696702480316162","1.7342123985290527"
"451.0","1.7704761028289795","1.7342123985290527"
"452.0","1.7704761028289795","1.7358239889144897"
"453.0","1.7704761028289795","1.7334065437316895"
"454.0","1.7704761028289795","1.7342123985290527"
"455.0","1.7704761028289795","1.7342123985290527"
"456.0","1.7712819576263428","1.7358239889144897"
"457.0","1.7696702480316162","1.735018253326416"
"458.0","1.7712819576263428","1.735018253326416"
"459.0","1.7696702480316162","1.735018253326416"
"460.0","1.7704761028289795","1.7342123985290527"
"461.0","1.7712819576263428","1.7358239889144897"
"462.0","1.7696702480316162","1.735018253326416"
"463.0","1.7704761028289795","1.735018253326416"
"464.0","1.7712819576263428","1.7342123985290527"
"465.0","1.7704761028289795","1.735018253326416"
"466.0","1.7704761028289795","1.735018253326416"
"467.0","1.7704761028289795","1.7366299629211426"
"468.0","1.7696702480316162","1.735018253326416"
"469.0","1.7704761028289795","1.735018253326416"
"470.0","1.7712819576263428","1.735018253326416"
"471.0","1.7704761028289795","1.735018253326416"
"472.0","1.7704761028289795","1.735018253326416"
"473.0","1.7696702480316162","1.735018253326416"
"474.0","1.7704761028289795","1.735018253326416"
"475.0","1.7704761028289795","1.735018253326416"
"476.0","1.7712819576263428","1.7358239889144897"
"477.0","1.7696702480316162","1.7342123985290527"
"478.0","1.7704761028289795","1.735018253326416"
"479.0","1.7704761028289795","1.735018253326416"
"480.0","1.7704761028289795","1.735018253326416"
"481.0","1.7704761028289795","1.7342123985290527"
"482.0","1.7704761028289795","1.7342123985290527"
"483.0","1.7712819576263428","1.735018253326416"
"484.0","1.7704761028289795","1.735018253326416"
"485.0","1.7696702480316162","1.7342123985290527"
"486.0","1.7696702480316162","1.7342123985290527"
"487.0","1.7712819576263428","1.7358239889144897"
"488.0","1.7712819576263428","1.7366299629211426"
"489.0","1.7704761028289795","1.735018253326416"
"490.0","1.7712819576263428","1.7334065437316895"
"491.0","1.7704761028289795","1.735018253326416"
"492.0","1.7704761028289795","1.735018253326416"
"493.0","1.7704761028289795","1.735018253326416"
"494.0","1.7704761028289795","1.7334065437316895"
"495.0","1.7704761028289795","1.735018253326416"
"496.0","1.7704761028289795","1.735018253326416"
"497.0","1.7704761028289795","1.735018253326416"
"498.0","1.7712819576263428","1.7358239889144897"
"499.0","1.7696702480316162","1.735018253326416"
"500.0","1.7704761028289795","1.735018253326416"
"501.0","1.772087812423706","1.735018253326416"
"502.0","1.7704761028289795","1.7358239889144897"
"503.0","1.7712819576263428","1.7358239889144897"
"504.0","1.7704761028289795","1.735018253326416"
"505.0","1.7712819576263428","1.735018253326416"
"506.0","1.7704761028289795","1.735018253326416"
"507.0","1.7704761028289795","1.7366299629211426"
"508.0","1.7712819576263428","1.7366299629211426"
"509.0","1.7696702480316162","1.735018253326416"
"510.0","1.7704761028289795","1.735018253326416"
"511.0","1.7704761028289795","1.7334065437316895"
"512.0","1.7704761028289795","1.735018253326416"
"513.0","1.7696702480316162","1.735018253326416"
"514.0","1.7712819576263428","1.7366299629211426"
"515.0","1.7704761028289795","1.735018253326416"
"516.0","1.7704761028289795","1.7342123985290527"
"517.0","1.7712819576263428","1.735018253326416"
"518.0","1.7712819576263428","1.7358239889144897"
"519.0","1.7696702480316162","1.7342123985290527"
"520.0","1.7696702480316162","1.7358239889144897"
"521.0","1.7696702480316162","1.735018253326416"
"522.0","1.7712819576263428","1.7358239889144897"
"523.0","1.7712819576263428","1.7342123985290527"
"524.0","1.7712819576263428","1.7358239889144897"
"525.0","1.7704761028289795","1.735018253326416"
"526.0","1.7704761028289795","1.7342123985290527"
"527.0","1.7704761028289795","1.7342123985290527"
"528.0","1.7704761028289795","1.735018253326416"
"529.0","1.7704761028289795","1.7342123985290527"
"530.0","1.7704761028289795","1.735018253326416"
"531.0","1.7696702480316162","1.735018253326416"
"532.0","1.7704761028289795","1.735018253326416"
"533.0","1.7728936672210693","1.7358239889144897"
"534.0","1.7696702480316162","1.735018253326416"
"535.0","1.7704761028289795","1.7358239889144897"
"536.0","1.7704761028289795","1.735018253326416"
"537.0","1.7712819576263428","1.735018253326416"
"538.0","1.7712819576263428","1.735018253326416"
"539.0","1.7704761028289795","1.7334065437316895"
"540.0","1.7712819576263428","1.735018253326416"
"541.0","1.7704761028289795","1.735018253326416"
"542.0","1.7704761028289795","1.735018253326416"
"543.0","1.7696702480316162","1.7342123985290527"
"544.0","1.7696702480316162","1.7342123985290527"
"545.0","1.7704761028289795","1.7358239889144897"
"546.0","1.7712819576263428","1.7342123985290527"
"547.0","1.7704761028289795","1.735018253326416"
"548.0","1.7704761028289795","1.7358239889144897"
"549.0","1.7712819576263428","1.735018253326416"
"550.0","1.7704761028289795","1.735018253326416"
"551.0","1.7704761028289795","1.7374358177185059"
"552.0","1.7704761028289795","1.7342123985290527"
"553.0","1.7704761028289795","1.7342123985290527"
"554.0","1.7704761028289795","1.735018253326416"
"555.0","1.7712819576263428","1.7358239889144897"
"556.0","1.7704761028289795","1.7342123985290527"
"557.0","1.7704761028289795","1.7366299629211426"
"558.0","1.7712819576263428","1.735018253326416"
"559.0","1.7712819576263428","1.7366299629211426"
"560.0","1.7704761028289795","1.7366299629211426"
"561.0","1.7704761028289795","1.735018253326416"
"562.0","1.7712819576263428","1.7358239889144897"
"563.0","1.7704761028289795","1.735018253326416"
"564.0","1.7704761028289795","1.7358239889144897"
"565.0","1.7712819576263428","1.7358239889144897"
"566.0","1.7704761028289795","1.735018253326416"
"567.0","1.7704761028289795","1.735018253326416"
"568.0","1.7696702480316162","1.7342123985290527"
"569.0","1.772087812423706","1.7358239889144897"
"570.0","1.7712819576263428","1.7358239889144897"
"571.0","1.7712819576263428","1.7366299629211426"
"572.0","1.7712819576263428","1.7358239889144897"
"573.0","1.7712819576263428","1.7358239889144897"
"574.0","1.7712819576263428","1.735018253326416"
"575.0","1.7712819576263428","1.7358239889144897"
"576.0","1.7704761028289795","1.735018253326416"
"577.0","1.7712819576263428","1.7358239889144897"
"578.0","1.7712819576263428","1.7366299629211426"
"579.0","1.7704761028289795","1.7366299629211426"
"580.0","1.7696702480316162","1.7390475273132324"
"581.0","1.7656409740447998","1.744688630104065"
"582.0","1.76322340965271","1.750329613685608"
"583.0","1.759194016456604","1.7551647424697876"
"584.0","1.7567764520645142","1.759194016456604"
"585.0","1.7559705972671509","1.76322340965271"
"586.0","1.7551647424697876","1.7656409740447998"
"587.0","1.7559705972671509","1.768864393234253"
"588.0","1.7527471780776978","1.7761170864105225"
"589.0","1.753553032875061","1.7914284467697144"
"590.0","1.7599998712539673","1.8212453126907349"
"591.0","1.7801463603973389","1.8494504690170288"
"592.0","1.8139926195144653","1.8607324361801147"
"593.0","1.841391921043396","1.8349449634552002"
"594.0","1.8430036306381226","1.796263575553894"
"595.0","1.8349449634552002","1.7608058452606201"
"596.0","1.841391921043396","1.7180951833724976"
"597.0","1.8478387594223022","1.6689375638961792"
"598.0","1.815604329109192","1.6262270212173462"
"599.0","1.744688630104065","1.6342856884002686"
"600.0","1.6576555967330933","1.7076189517974854"
"601.0","1.6141390800476074","1.8091574907302856"
"602.0","1.6512086391448975","1.891355276107788"
"603.0","1.7680584192276","1.878461480140686"
"604.0","1.8921611309051514","1.7511354684829712"
"605.0","1.8978021144866943","1.6117215156555176"
"606.0","1.751941204071045","1.625421166419983"
"607.0","1.8865200281143188","1.7761170864105225"
"608.0","2.058974266052246","1.5625640153884888"
"609.0","1.9501830339431763","1.5520877838134766"
"610.0","1.9542124271392822","1.5835164785385132"
"611.0","1.975164771080017","1.4771428108215332"
"612.0","1.7865933179855347","1.5069596767425537"
"613.0","1.6262270212173462","1.7140659093856812"
"614.0","1.6649082899093628","1.8679852485656738"
"615.0","1.8695969581604004","1.7970695495605469"
"616.0","1.9252012968063354","1.5536994934082031"
"617.0","1.61978018283844","1.660073161125183"
"618.0","1.5964101552963257","1.977582335472107"
"619.0","1.955018162727356","1.744688630104065"
"620.0","1.744688630104065","1.573040246963501"
"621.0","1.5827105045318604","1.9614651203155518"
"622.0","1.999340534210205","1.6866666078567505"
"623.0","1.6246153116226196","1.6407325267791748"
"624.0","1.7334065437316895","1.990476131439209"
"625.0","1.9292306900024414","1.4916481971740723"
"626.0","1.485201358795166","1.9848350286483765"
"627.0","2.0807323455810547","1.6149449348449707"
"628.0","1.4465200901031494","1.7841756343841553"
"629.0","2.0315749645233154","1.8486446142196655"
"630.0","1.565787434577942","1.5480585098266602"
"631.0","1.8720145225524902","2.053333044052124"
"632.0","1.750329613685608","1.3739925622940063"
"633.0","1.6786079406738281","2.1854941844940186"
"634.0","1.9356776475906372","1.2942123413085938"
"635.0","1.520659327507019","2.215311288833618"
"636.0","2.1371426582336426","1.2909889221191406"
"637.0","1.2982416152954102","2.146813154220581"
"638.0","2.283003330230713","1.4989010095596313"
"639.0","1.2845419645309448","1.8035163879394531"
"640.0","2.0944321155548096","1.9316483736038208"
"641.0","1.6592673063278198","1.3619047403335571"
"642.0","1.5802929401397705","2.274138927459717"
"643.0","2.1959705352783203","1.2813186645507812"
"644.0","1.2345787286758423","1.9727472066879272"
"645.0","2.0879852771759033","1.936483383178711"
"646.0","1.875238060951233","1.2611720561981201"
"647.0","1.2885712385177612","2.160512685775757"
"648.0","2.1564834117889404","1.822857141494751"
"649.0","1.8728203773498535","1.283736228942871"
"650.0","1.2772892713546753","2.0484979152679443"
"651.0","1.9445420503616333","2.029963254928589"
"652.0","2.1395602226257324","1.3506226539611816"
"653.0","1.4835896492004395","1.6068862676620483"
"654.0","1.448131799697876","2.144395351409912"
"655.0","1.9969229698181152","1.9050548076629639"
"656.0","2.090402841567993","1.4432965517044067"
"657.0","1.6794137954711914","1.5069596767425537"
"658.0","1.4400732517242432","1.8873260021209717"
"659.0","1.6076922416687012","2.0525271892547607"
"660.0","1.896996259689331","1.8857141733169556"
"661.0","2.009816884994507","1.6431500911712646"
"662.0","1.9010255336761475","1.541611671447754"
"663.0","1.7301831245422363","1.5988277196884155"
"664.0","1.6165566444396973","1.7326006889343262"
"665.0","1.6036629676818848","1.841391921043396"
"666.0","1.6552379131317139","1.891355276107788"
"667.0","1.7326006889343262","1.87443208694458"
"668.0","1.796263575553894","1.8268864154815674"
"669.0","1.8276922702789307","1.7769230604171753"
"670.0","1.8397800922393799","1.7390475273132324"
"671.0","1.834139108657837","1.7052013874053955"
"672.0","1.8204394578933716","1.6858607530593872"
"673.0","1.7978754043579102","1.6761903762817383"
"674.0","1.772087812423706","1.6915017366409302"
"675.0","1.7696702480316162","1.7229303121566772"
"676.0","1.7833698987960815","1.7454943656921387"
"677.0","1.7825640439987183","1.7479119300842285"
"678.0","1.750329613685608","1.7430768013000488"
"679.0","1.7100366353988647","1.7471061944961548"
"680.0","1.7027838230133057","1.7559705972671509"
"681.0","1.7414650917053223","1.7543588876724243"
"682.0","1.7938460111618042","1.7479119300842285"
"683.0","1.824468731880188","1.744688630104065"
"684.0","1.8164101839065552","1.7454943656921387"
"685.0","1.7833698987960815","1.750329613685608"
"686.0","1.7616115808486938","1.7543588876724243"
"687.0","1.7608058452606201","1.7551647424697876"
"688.0","1.7736995220184326","1.753553032875061"
"689.0","1.784981608390808","1.7543588876724243"
"690.0","1.7809523344039917","1.7559705972671509"
"691.0","1.76322340965271","1.7527471780776978"
"692.0","1.7414650917053223","1.751941204071045"
"693.0","1.7309889793395996","1.7495237588882446"
"694.0","1.7317947149276733","1.7463003396987915"
"695.0","1.7374358177185059","1.7463003396987915"
"696.0","1.7398533821105957","1.7454943656921387"
"697.0","1.7390475273132324","1.7414650917053223"
"698.0","1.7374358177185059","1.7366299629211426"
"699.0","1.7382416725158691","1.735018253326416"
"700.0","1.7463003396987915","1.7366299629211426"
"701.0","1.7551647424697876","1.743882656097412"
"702.0","1.7672526836395264","1.7567764520645142"
"703.0","1.7753112316131592","1.7736995220184326"
"704.0","1.7761170864105225","1.787399172782898"
"705.0","1.772087812423706","1.7914284467697144"
"706.0","1.766446828842163","1.7865933179855347"
"707.0","1.76322340965271","1.7672526836395264"
"708.0","1.7640291452407837","1.7463003396987915"
"709.0","1.7624175548553467","1.7326006889343262"
"710.0","1.7648351192474365","1.727765440940857"
"711.0","1.7656409740447998","1.727765440940857"
"712.0","1.7672526836395264","1.7245420217514038"
"713.0","1.7696702480316162","1.7180951833724976"
"714.0","1.772087812423706","1.7108423709869385"
"715.0","1.7753112316131592","1.7027838230133057"
"716.0","1.7761170864105225","1.697948694229126"
"717.0","1.7761170864105225","1.699560284614563"
"718.0","1.7761170864105225","1.7027838230133057"
"719.0","1.7809523344039917","1.7019779682159424"
"720.0","1.7809523344039917","1.6987545490264893"
"721.0","1.7809523344039917","1.6987545490264893"
"722.0","1.781758189201355","1.699560284614563"
"723.0","1.7833698987960815","1.6987545490264893"
"724.0","1.7833698987960815","1.6987545490264893"
"725.0","1.7857874631881714","1.697948694229126"
"726.0","1.784981608390808","1.7027838230133057"
"727.0","1.7825640439987183","1.7060072422027588"
"728.0","1.781758189201355","1.7108423709869385"
"729.0","1.7809523344039917","1.7084248065948486"
"730.0","1.7833698987960815","1.7084248065948486"
"731.0","1.7801463603973389","1.7116482257843018"
"732.0","1.7801463603973389","1.7140659093856812"
"733.0","1.7793406248092651","1.7180951833724976"
"734.0","1.7809523344039917","1.7189010381698608"
"735.0","1.7785347700119019","1.722124457359314"
"736.0","1.777728796005249","1.7245420217514038"
"737.0","1.7745054960250854","1.7269595861434937"
"738.0","1.7753112316131592","1.7301831245422363"
"739.0","1.7745054960250854","1.7317947149276733"
"740.0","1.7736995220184326","1.7317947149276733"
"741.0","1.7704761028289795","1.7366299629211426"
"742.0","1.7712819576263428","1.7390475273132324"
"743.0","1.7696702480316162","1.7382416725158691"
"744.0","1.7712819576263428","1.7390475273132324"
"745.0","1.7696702480316162","1.7414650917053223"
"746.0","1.7680584192276","1.7414650917053223"
"747.0","1.768864393234253","1.742271065711975"
"748.0","1.768864393234253","1.740659236907959"
"749.0","1.768864393234253","1.7398533821105957"
"750.0","1.7704761028289795","1.7414650917053223"
"751.0","1.7712819576263428","1.7430768013000488"
"752.0","1.768864393234253","1.7454943656921387"
"753.0","1.7672526836395264","1.743882656097412"
"754.0","1.766446828842163","1.743882656097412"
"755.0","1.7680584192276","1.742271065711975"
"756.0","1.7680584192276","1.7398533821105957"
"757.0","1.7672526836395264","1.7414650917053223"
"758.0","1.766446828842163","1.7430768013000488"
"759.0","1.7648351192474365","1.743882656097412"
"760.0","1.7656409740447998","1.7430768013000488"
"761.0","1.7656409740447998","1.7454943656921387"
"762.0","1.7656409740447998","1.743882656097412"
"763.0","1.768864393234253","1.7430768013000488"
"764.0","1.7680584192276","1.7414650917053223"
"765.0","1.7672526836395264","1.7430768013000488"
"766.0","1.7656409740447998","1.7414650917053223"
"767.0","1.7680584192276","1.742271065711975"
"768.0","1.7680584192276","1.740659236907959"
"769.0","1.7680584192276","1.7414650917053223"
"770.0","1.7680584192276","1.7414650917053223"
"771.0","1.7680584192276","1.7398533821105957"
"772.0","1.772087812423706","1.7374358177185059"
"773.0","1.7704761028289795","1.735018253326416"
"774.0","1.7704761028289795","1.7358239889144897"
"775.0","1.7712819576263428","1.7382416725158691"
"776.0","1.768864393234253","1.7390475273132324"
"777.0","1.7696702480316162","1.7382416725158691"
"778.0","1.7712819576263428","1.735018253326416"
"779.0","1.7704761028289795","1.735018253326416"
"780.0","1.7712819576263428","1.7326006889343262"
"781.0","1.7704761028289795","1.7326006889343262"
"782.0","1.7728936672210693","1.7334065437316895"
"783.0","1.7704761028289795","1.7366299629211426"
"784.0","1.7712819576263428","1.7326006889343262"
"785.0","1.7712819576263428","1.7309889793395996"
"786.0","1.772087812423706","1.7326006889343262"
"787.0","1.772087812423706","1.7317947149276733"
"788.0","1.7736995220184326","1.727765440940857"
"789.0","1.772087812423706","1.7317947149276733"
"790.0","1.7704761028289795","1.7342123985290527"
"791.0","1.7712819576263428","1.7334065437316895"
"792.0","1.7745054960250854","1.7285714149475098"
"793.0","1.7745054960250854","1.7269595861434937"
"794.0","1.7745054960250854","1.727765440940857"
"795.0","1.7736995220184326","1.7301831245422363"
"796.0","1.7728936672210693","1.7301831245422363"
"797.0","1.7712819576263428","1.735018253326416"
"798.0","1.7712819576263428","1.7342123985290527"
"799.0","1.7745054960250854","1.7285714149475098"
"800.0","1.7761170864105225","1.7237361669540405"
"801.0","1.7761170864105225","1.725347876548767"
"802.0","1.7736995220184326","1.7285714149475098"
"803.0","1.7704761028289795","1.735018253326416"
"804.0","1.7728936672210693","1.7293771505355835"
"805.0","1.7696702480316162","1.7326006889343262"
"806.0","1.7736995220184326","1.7293771505355835"
"807.0","1.777728796005249","1.7245420217514038"
"808.0","1.7761170864105225","1.7245420217514038"
"809.0","1.7753112316131592","1.7269595861434937"
"810.0","1.7728936672210693","1.7301831245422363"
"811.0","1.7728936672210693","1.7326006889343262"
"812.0","1.7696702480316162","1.7334065437316895"
"813.0","1.7736995220184326","1.72615385055542"
"814.0","1.7769230604171753","1.7245420217514038"
"815.0","1.7761170864105225","1.7245420217514038"
"816.0","1.7745054960250854","1.72615385055542"
"817.0","1.7736995220184326","1.7293771505355835"
"818.0","1.7736995220184326","1.7301831245422363"
"819.0","1.7704761028289795","1.7334065437316895"
"820.0","1.7753112316131592","1.7285714149475098"
"821.0","1.7753112316131592","1.722124457359314"
"822.0","1.7761170864105225","1.7237361669540405"
"823.0","1.7745054960250854","1.72615385055542"
"824.0","1.7728936672210693","1.7301831245422363"
"825.0","1.772087812423706","1.7301831245422363"
"826.0","1.7745054960250854","1.7309889793395996"
"827.0","1.7712819576263428","1.7334065437316895"
"828.0","1.7753112316131592","1.725347876548767"
"829.0","1.7769230604171753","1.722124457359314"
"830.0","1.7761170864105225","1.72615385055542"
"831.0","1.7753112316131592","1.7285714149475098"
"832.0","1.7745054960250854","1.7301831245422363"
"833.0","1.772087812423706","1.7334065437316895"
"834.0","1.7745054960250854","1.72615385055542"
"835.0","1.7761170864105225","1.725347876548767"
"836.0","1.7769230604171753","1.7245420217514038"
"837.0","1.7753112316131592","1.725347876548767"
"838.0","1.7736995220184326","1.7317947149276733"
"839.0","1.7753112316131592","1.7301831245422363"
"840.0","1.7753112316131592","1.7285714149475098"
"841.0","1.7753112316131592","1.727765440940857"
"842.0","1.7745054960250854","1.727765440940857"
"843.0","1.7728936672210693","1.72615385055542"
"844.0","1.7736995220184326","1.727765440940857"
"845.0","1.7745054960250854","1.7269595861434937"
"846.0","1.7753112316131592","1.727765440940857"
"847.0","1.7745054960250854","1.7285714149475098"
"848.0","1.7753112316131592","1.7269595861434937"
"849.0","1.7761170864105225","1.7285714149475098"
"850.0","1.7736995220184326","1.7269595861434937"
"851.0","1.7745054960250854","1.7269595861434937"
"852.0","1.7745054960250854","1.727765440940857"
"853.0","1.7745054960250854","1.7269595861434937"
"854.0","1.7745054960250854","1.7285714149475098"
"855.0","1.7753112316131592","1.727765440940857"
"856.0","1.7753112316131592","1.727765440940857"
"857.0","1.7736995220184326","1.7269595861434937"
"858.0","1.7745054960250854","1.7269595861434937"
"859.0","1.7728936672210693","1.7269595861434937"
"860.0","1.7736995220184326","1.7269595861434937"
"861.0","1.7736995220184326","1.7285714149475098"
"862.0","1.7745054960250854","1.7285714149475098"
"863.0","1.7753112316131592","1.7285714149475098"
"864.0","1.7753112316131592","1.7285714149475098"
"865.0","1.7736995220184326","1.7269595861434937"
"866.0","1.7728936672210693","1.7309889793395996"
"867.0","1.7728936672210693","1.7342123985290527"
"868.0","1.7769230604171753","1.725347876548767"
"869.0","1.7753112316131592","1.7237361669540405"
"870.0","1.7736995220184326","1.7285714149475098"
"871.0","1.7736995220184326","1.7285714149475098"
"872.0","1.7753112316131592","1.7285714149475098"
"873.0","1.7728936672210693","1.7269595861434937"
"874.0","1.7736995220184326","1.727765440940857"
"875.0","1.7736995220184326","1.7269595861434937"
"876.0","1.7753112316131592","1.7269595861434937"
"877.0","1.7728936672210693","1.7293771505355835"
"878.0","1.772087812423706","1.7326006889343262"
"879.0","1.7769230604171753","1.725347876548767"
"880.0","1.777728796005249","1.7237361669540405"
"881.0","1.7736995220184326","1.7269595861434937"
"882.0","1.7736995220184326","1.727765440940857"
"883.0","1.7745054960250854","1.7285714149475098"
"884.0","1.7745054960250854","1.7293771505355835"
"885.0","1.7745054960250854","1.7285714149475098"
"886.0","1.7736995220184326","1.727765440940857"
"887.0","1.7753112316131592","1.727765440940857"
"888.0","1.7712819576263428","1.7326006889343262"
"889.0","1.7728936672210693","1.7285714149475098"
"890.0","1.7769230604171753","1.7237361669540405"
"891.0","1.7753112316131592","1.7269595861434937"
"892.0","1.7745054960250854","1.7293771505355835"
"893.0","1.7736995220184326","1.7285714149475098"
"894.0","1.7728936672210693","1.7293771505355835"
"895.0","1.7745054960250854","1.727765440940857"
"896.0","1.7736995220184326","1.7285714149475098"
"897.0","1.7761170864105225","1.7285714149475098"
"898.0","1.7745054960250854","1.7269595861434937"
"899.0","1.7753112316131592","1.727765440940857"
